rally_idx,shot_idx,t_s,player,predicted,confidence,truth
1,0,0.07,player_1,serve,0.71,
1,1,2.2,player_2,return,0.57,
1,2,3.87,,unknown,0.2,
1,3,4.67,player_3,drop,0.71,
1,4,5,player_3,unknown,0.17,
1,5,5.53,player_1,drop,0.71,
1,6,5.87,player_1,unknown,0.17,
1,7,6.6,player_1,unknown,0.17,
1,8,9.4,player_1,unknown,0.17,
1,9,10.27,player_1,lob,0.34,
1,10,13.93,player_1,unknown,0.17,
1,11,14.2,player_1,unknown,0.14,
1,12,16.73,player_1,lob,0.34,
1,13,17.27,player_1,lob,0.4,
1,14,17.87,player_1,lob,0.34,
1,15,18.33,player_1,unknown,0.2,
2,0,18.33,player_1,serve,0.71,
2,1,19.23,player_1,return,0.34,
2,2,19.57,player_1,lob,0.32,
2,3,21.63,player_1,lob,0.34,
2,4,21.9,player_1,unknown,0.17,
2,5,22.57,player_1,lob,0.4,
3,0,28.97,player_1,serve,0.83,
3,1,31.1,player_1,return,0.34,
3,2,32.37,player_1,dink,0.4,
3,3,32.74,player_1,unknown,0.2,
4,0,32.74,player_1,serve,0.71,
4,1,33.47,player_1,return,0.34,
4,2,35.74,player_3,unknown,0.33,
5,0,38.57,,serve,0.33,
5,1,38.97,,return,0.33,
5,2,39.24,player_1,third_shot_drop,0.71,
5,3,39.84,player_1,volley,0.28,
5,4,41.7,player_1,unknown,0.2,
5,5,43.5,player_1,unknown,0.17,
5,6,44.57,player_1,unknown,0.2,
5,7,46.5,player_1,drive,0.43,
5,8,46.9,player_1,unknown,0.16,
5,9,47.64,player_1,unknown,0.2,
6,0,47.64,player_1,serve,0.71,
6,1,48.7,player_1,return,0.34,
6,2,50.3,player_1,unknown,0.15,
6,3,50.77,player_1,unknown,0.17,
6,4,51.04,player_1,unknown,0.2,
7,0,55.14,player_1,serve,0.71,
7,1,55.8,player_1,return,0.4,
7,2,56.94,,unknown,0.17,
7,3,57.27,player_1,lob,0.71,
7,4,57.54,player_1,unknown,0.17,
7,5,57.94,player_1,lob,0.34,
7,6,58.67,player_1,unknown,0.17,
7,7,59,player_1,overhead,0.4,
8,0,61.1,player_1,serve,0.71,
8,1,62.57,player_1,return,0.34,
8,2,62.9,player_1,lob,0.34,
8,3,63.17,player_1,unknown,0.17,
8,4,63.64,player_1,unknown,0.17,
8,5,63.9,player_1,unknown,0.2,
8,6,67.9,,unknown,0.2,
9,0,77.54,,serve,0.35,
9,1,77.87,player_1,return,0.83,
9,2,79.14,player_1,unknown,0.17,
9,3,80.14,player_1,unknown,0.17,
9,4,80.54,player_1,unknown,0.17,
9,5,80.8,player_1,unknown,0.17,
9,6,81.07,player_1,unknown,0.2,
10,0,85.2,player_1,serve,0.71,
10,1,86.81,player_3,return,0.67,
11,0,93.14,,serve,0.38,
11,1,95.47,player_1,return,0.67,
12,0,102.87,player_1,serve,0.71,
12,1,103.14,player_3,return,0.83,
12,2,104.41,player_3,unknown,0.2,
13,0,109.71,player_1,serve,0.7,
13,1,110.91,player_1,return,0.4,
13,2,112.31,player_1,unknown,0.2,
14,0,120.04,player_1,serve,0.71,
14,1,120.31,player_1,return,0.34,
14,2,120.77,player_1,lob,0.4,
16,0,137.37,,serve,0.33,
16,1,137.64,player_1,return,0.6,
16,2,138.84,player_1,dink,0.34,
16,3,139.11,player_1,volley,0.31,
16,4,140.04,player_1,lob,0.34,
16,5,140.31,player_1,unknown,0.17,
16,6,142.64,player_1,unknown,0.2,
17,0,142.64,player_1,serve,0.71,
17,1,143.07,player_1,return,0.34,
17,2,146.28,player_1,dink,0.34,
17,3,147.08,player_1,unknown,0.17,
17,4,147.34,player_1,drop,0.43,
18,0,157.71,player_1,serve,0.71,
18,1,157.98,player_1,return,0.34,
18,2,158.31,player_1,unknown,0.14,
18,3,160.68,player_1,dink,0.39,
19,0,160.88,player_1,serve,0.71,
19,1,162.48,player_1,return,0.34,
19,2,162.81,player_1,lob,0.34,
19,3,163.74,player_1,lob,0.34,
19,4,164.74,player_1,unknown,0.17,
19,5,165.01,player_1,lob,0.34,
19,6,165.41,player_1,unknown,0.2,
20,0,169.41,player_1,serve,0.83,
20,1,171.61,player_1,return,0.34,
20,2,172.21,player_1,unknown,0.17,
20,3,172.74,player_1,unknown,0.2,
21,0,172.74,player_1,serve,0.71,
21,1,174.14,player_1,return,0.4,
22,0,176.24,player_1,serve,0.71,
22,1,177.31,player_1,return,0.4,
23,0,189.28,player_1,serve,0.59,
23,1,189.61,player_1,return,0.34,
23,2,191.88,player_1,lob,0.4,
24,0,194.61,player_1,serve,0.71,
24,1,198.44,player_1,return,0.4,
25,0,198.44,player_1,serve,0.71,
25,1,198.78,player_1,return,0.4,
25,2,201.11,player_1,dink,0.34,
25,3,201.51,player_1,volley,0.4,
26,0,201.25,player_1,serve,0.71,
26,1,201.51,player_1,return,0.34,
26,2,201.98,player_1,unknown,0.17,
26,3,205.05,player_1,unknown,0.17,
26,4,205.71,player_1,unknown,0.17,
26,5,206.25,player_1,unknown,0.2,
26,6,208.78,player_1,unknown,0.17,
26,7,209.51,player_1,dink,0.34,
26,8,209.91,player_1,volley,0.34,
26,9,210.25,player_1,unknown,0.2,
27,0,210.25,player_1,serve,0.71,
27,1,210.71,player_1,return,0.29,
27,2,211.18,player_1,unknown,0.17,
27,3,211.71,player_1,unknown,0.15,
27,4,212.11,player_1,unknown,0.17,
27,5,212.45,player_1,unknown,0.2,
28,0,212.45,player_1,serve,0.57,
28,1,213.78,,return,0.4,
28,2,214.38,player_1,lob,0.71,
28,3,214.85,player_1,unknown,0.17,
28,4,217.11,player_1,unknown,0.17,
28,5,218.18,player_1,dink,0.34,
28,6,218.91,player_3,drop,0.83,
28,7,220.85,player_3,unknown,0.2,
29,0,222.68,player_1,serve,0.83,
29,1,223.55,player_1,return,0.34,
29,2,223.88,,unknown,0.19,
31,0,231.55,player_1,serve,0.67,
32,0,238.15,player_1,serve,0.71,
32,1,238.68,player_21,return,0.71,
32,2,239.08,player_1,third_shot_drop,0.71,
32,3,240.08,player_21,speed_up,0.71,
32,4,240.35,player_1,reset,0.71,
32,5,240.75,player_1,lob,0.34,
32,6,243.88,player_3,drop,0.71,
32,7,245.15,player_1,drop,0.71,
32,8,245.48,player_1,unknown,0.17,
32,9,245.88,player_21,speed_up,0.83,
32,10,247.08,player_1,block,0.68,
32,11,247.68,player_1,dink,0.34,
32,12,247.95,player_1,volley,0.34,
32,13,248.21,player_1,volley,0.4,
32,14,251.15,player_1,unknown,0.16,
32,15,251.61,player_1,unknown,0.17,
33,0,251.75,player_1,serve,0.71,
33,1,252.21,player_1,return,0.28,
33,2,252.68,player_1,lob,0.34,
33,3,253.08,player_1,unknown,0.14,
33,4,253.35,player_1,unknown,0.17,
33,5,253.61,player_1,unknown,0.17,
33,6,254.01,player_1,unknown,0.15,
33,7,254.55,player_1,unknown,0.17,
33,8,256.68,player_1,volley,0.4,
34,0,257.91,player_1,serve,0.71,
34,1,262.18,player_3,return,0.71,
35,0,268.05,player_1,serve,0.71,
35,1,270.18,player_1,return,0.4,
36,0,274.25,player_3,serve,0.71,
36,1,274.52,player_1,return,0.74,
36,2,276.32,player_1,unknown,0.15,
36,3,276.58,player_1,unknown,0.17,
36,4,276.85,player_24,volley,0.71,
36,5,278.98,player_1,drop,0.71,
36,6,279.25,player_1,unknown,0.2,
36,7,280.08,player_1,unknown,0.2,
37,0,280.08,player_1,serve,0.71,
37,1,281.48,player_1,return,0.34,
37,2,281.75,player_1,unknown,0.2,
38,0,282.78,player_1,serve,0.57,
38,1,283.32,,return,0.32,
38,2,283.65,player_1,unknown,0.31,
39,0,285.25,player_1,serve,0.67,
39,1,291.45,,return,0.38,
40,0,299.35,,serve,0.33,
40,1,300.28,,return,0.33,
40,2,300.95,,unknown,0.17,
40,3,301.25,player_25,volley,0.67,
41,0,301.25,player_25,serve,0.57,
41,1,302.72,,return,0.4,
41,2,304.52,,unknown,0.13,
41,3,304.85,player_25,volley,0.57,
41,4,305.12,,unknown,0.13,
41,5,306.45,,unknown,0.17,
41,6,306.85,,unknown,0.2,
41,7,309.12,,unknown,0.19,
41,8,310.52,,unknown,0.2,
41,9,311.18,,unknown,0.19,
42,0,315.72,,serve,0.25,
42,1,316.58,player_26,return,0.83,
42,2,317.45,player_3,third_shot_drop,0.71,
42,3,318.25,player_27,volley,0.67,
42,4,319.79,,unknown,0.19,
43,0,323.82,,serve,0.34,
43,1,324.09,,return,0.3,
43,2,324.35,,unknown,0.18,
44,0,327.45,,serve,0.33,
44,1,328.92,player_27,return,0.53,
44,2,329.19,,unknown,0.16,
44,3,330.05,,unknown,0.2,
45,0,330.05,,serve,0.4,
46,0,335.02,player_27,serve,0.71,
46,1,336.02,player_27,return,0.34,
46,2,336.49,,lob,0.41,
47,0,338.95,,serve,0.4,
47,1,339.55,player_3,return,0.57,
47,2,340.42,,unknown,0.14,
47,3,340.75,player_3,unknown,0.28,
47,4,341.09,,unknown,0.18,
47,5,341.49,player_27,lob,0.67,
47,6,342.82,,unknown,0.19,
47,7,343.75,,unknown,0.17,
47,8,344.09,,unknown,0.2,
49,0,360.99,,serve,0.35,
49,1,363.72,,return,0.38,
49,2,364.32,,unknown,0.19,
51,0,380.16,player_1,serve,0.71,
51,1,380.42,player_1,return,0.34,
51,2,380.82,,unknown,0.21,
51,3,382.82,player_1,unknown,0.33,
52,0,389.09,player_1,serve,0.71,
52,1,389.56,player_1,return,0.43,
52,2,390.29,player_1,third_shot_drive,0.43,
52,3,392.02,player_1,drive,0.43,
52,4,392.42,player_1,unknown,0.2,
53,0,397.59,,serve,0.33,
53,1,398.59,,return,0.39,
53,2,399.99,,unknown,0.19,
54,0,407.82,player_3,serve,0.71,
54,1,409.89,player_3,return,0.34,
54,2,410.49,player_3,volley,0.4,
55,0,415.29,player_3,serve,0.71,
55,1,415.56,player_3,return,0.34,
55,2,416.69,,unknown,0.2,
55,3,417.36,player_3,lob,0.71,
55,4,417.62,player_3,drop,0.43,
55,5,420.29,player_3,unknown,0.17,
55,6,420.56,player_3,unknown,0.2,
56,0,420.29,player_3,serve,0.71,
56,1,420.56,player_3,return,0.34,
56,2,423.09,player_3,drop,0.43,
58,0,433.86,player_3,serve,0.71,
58,1,434.19,player_3,return,0.34,
58,2,434.46,player_3,unknown,0.17,
59,0,440.49,player_1,serve,0.71,
59,1,441.36,player_3,return,0.71,
59,2,441.83,player_3,unknown,0.17,
59,3,442.16,player_3,lob,0.34,
59,4,442.43,player_3,unknown,0.17,
59,5,442.76,,unknown,0.13,
59,6,443.03,player_3,drop,0.71,
59,7,444.83,player_3,unknown,0.16,
59,8,445.23,player_3,unknown,0.2,